# logM_cut, logM_1, logsigma, alpha, kappa
13.14854,14.02862,-0.29202,0.87664,1.05991
12.48773,14.09356,-2.76920,1.02859,1.12566
13.11988,13.26928,-2.07882,0.71733,0.05686
13.25824,14.13202,-1.33084,1.18847,0.20518
13.09868,14.35196,-0.56915,1.13867,0.64727
12.70792,14.29914,-0.21882,0.77920,0.41976
13.00915,14.16009,-2.39757,1.47078,0.39360
12.54372,13.51446,-2.02559,0.85228,0.31675
12.73578,14.23956,-2.53459,1.27198,0.64273
13.05576,13.88270,-0.72741,1.42465,0.80809
12.64263,13.71928,-0.85342,0.84531,0.81649
12.56893,14.32081,-2.06772,1.37503,0.69089
13.09472,13.93985,-2.38031,1.47175,1.24929
13.21171,14.13574,-1.76884,1.20374,0.56601
13.12906,13.95639,-2.90252,1.31596,1.06063
12.41159,14.38988,-1.50337,1.48489,1.22512
12.58480,13.48750,-1.16443,1.40269,0.52976
13.18871,14.21957,-0.56960,0.77478,0.52828
12.85130,13.35738,-2.36723,1.19797,0.20506
12.69424,13.39755,-0.42168,1.49661,0.13805
13.09238,14.15508,-0.44302,1.01839,1.19088
12.59841,13.37835,-2.76654,1.02222,1.47680
12.61144,13.74102,-1.44982,1.28795,0.77031
13.20378,13.49524,-1.45785,1.40543,0.74382
12.64325,13.90660,-0.45809,1.09508,0.56597
13.29131,14.25755,-1.61842,1.32492,0.35702
12.64505,14.15184,-1.58473,0.85681,1.23072
12.48934,13.66051,-0.37528,0.87394,0.52416
13.13089,14.25152,-1.49281,0.72345,0.67203
12.50772,13.81621,-0.43491,1.18869,0.36946
12.45166,13.54864,-0.68985,1.39843,0.69244
12.92977,14.26220,-1.00387,1.24400,1.22896
12.97049,14.33787,-0.70752,1.47084,0.68032
13.02275,13.40899,-1.84179,0.91621,1.23368
12.66727,13.97628,-2.80260,0.81958,1.45843
12.70354,13.84069,-0.87895,0.70877,0.09170
12.70704,14.24434,-1.82506,1.08507,1.00084
12.99870,13.42311,-1.34723,1.04008,0.73247
13.19123,13.76937,-1.69899,0.70546,0.15059
12.45758,13.78905,-1.96194,1.29330,0.56354
13.21882,13.67422,-0.10123,1.01930,0.28445
12.74769,14.14746,-2.42087,0.74037,1.31586
12.84538,14.04221,-1.94231,0.70056,0.21893
12.65627,14.06973,-1.30960,1.35361,0.13478
12.54674,13.67384,-2.82898,1.22727,0.92395
13.10459,13.50884,-2.62971,1.32919,0.40694
13.09412,13.93688,-0.50811,1.33514,0.44372
13.17206,13.21572,-1.71753,1.46390,0.38057
12.50229,13.24660,-2.44408,0.97892,0.65464
12.76310,13.30737,-2.86314,0.91081,0.51960
13.25420,13.77399,-0.40720,1.01617,1.05973
13.19636,14.01909,-2.97563,1.35812,0.37039
13.13192,13.47127,-1.49307,0.72448,0.28313
13.29016,13.44534,-2.12572,0.94871,0.83066
12.93069,13.82461,-2.53327,1.26809,0.60543
12.66460,14.19045,-2.90033,1.29385,0.96548
12.56658,14.36454,-0.78667,1.42049,0.50518
12.91910,14.20653,-2.97809,0.77403,0.08858
12.72965,13.57757,-2.23957,1.37565,1.12499
13.09318,13.52233,-0.60583,1.39250,1.32574
12.62142,13.89867,-1.84432,1.20345,1.04038
12.87935,14.23007,-1.00912,0.91062,1.28208
13.14744,13.59795,-2.62933,1.41919,0.86897
12.96945,14.01904,-1.46881,0.99356,1.31694
12.70836,13.90620,-1.09988,0.97284,0.49154
12.84292,13.21880,-1.51697,0.84869,0.49030
13.08135,13.71036,-1.30800,0.76163,0.69899
12.57400,13.43725,-0.81674,1.49894,1.21857
12.87637,13.43722,-0.87910,0.86627,0.27852
13.02028,13.33353,-1.10499,1.07381,0.64392
13.08107,13.71610,-2.74296,1.30382,1.47605
13.14866,14.37328,-0.81221,1.13395,0.37685
12.63482,14.05833,-2.86039,0.90062,0.55323
12.55377,13.34948,-1.36046,1.12635,1.00059
13.20689,14.35912,-0.50723,1.10699,0.74997
13.07736,13.79587,-1.33132,0.81974,0.88378
12.98660,14.25837,-0.88775,1.13347,1.01812
13.02287,14.26091,-2.42967,1.06512,0.64493
13.09055,13.25290,-0.30728,0.80706,0.32599
12.59758,13.65548,-0.84156,0.72300,1.20289
13.16354,13.40759,-1.83599,1.33873,1.01140
12.68938,13.34620,-2.07266,1.12652,1.12900
13.21652,14.25989,-1.67087,0.73451,0.71968
12.95303,13.21478,-2.51161,1.34538,0.19563
12.74130,13.96402,-0.78294,0.86408,0.45638
12.63309,13.61570,-2.80974,1.24223,1.00778
12.90041,13.83010,-1.69097,1.09734,1.37600
13.05743,14.38667,-1.04441,0.98599,0.32286
12.59722,13.45432,-1.08323,0.78461,0.22534
12.53629,13.74374,-1.82054,1.35241,0.65436
13.00467,13.53395,-0.96112,1.38780,1.42710
12.50981,13.67801,-0.77516,0.75180,0.78199
13.12773,13.39803,-0.92641,1.45302,0.51863
13.21604,13.49605,-0.72092,1.44382,0.01218
12.59179,13.98081,-0.35162,1.00642,1.32010
13.08838,14.00154,-0.56044,0.78987,0.73575
12.76153,13.36981,-1.54845,1.22310,1.29247
13.15956,14.20971,-2.34918,1.26788,0.88965
12.52841,13.99707,-0.52367,1.06874,0.66181
12.86129,13.36387,-2.61292,0.98758,1.06228
13.09234,13.94059,-0.76601,1.36933,0.66223
13.28309,14.31850,-2.85702,0.76681,1.08716
12.97187,13.98575,-0.42091,1.45027,1.41482
13.25504,14.24558,-2.06101,1.17644,0.17706
12.60660,13.62517,-1.44343,0.76499,0.83275
13.08156,13.71350,-1.06180,1.37916,0.89215
12.68181,13.48404,-0.81965,0.92060,0.11373
13.01545,13.84237,-1.26896,0.72326,0.93916
12.93283,14.10876,-2.45071,1.41053,0.07465
12.50698,13.32385,-0.90237,0.92579,0.55922
13.10088,13.50728,-1.16973,1.03774,1.06800
12.61672,13.97751,-0.47825,0.70588,0.05091
12.99471,14.26451,-2.51187,1.34819,0.82200
12.92441,14.38293,-2.76353,1.20303,1.34492
12.70323,14.20396,-2.58799,0.70029,1.38434
12.80374,14.30443,-0.65233,1.44843,0.58291
13.28065,13.26103,-1.87281,1.19697,1.08394
12.47449,13.77334,-0.84455,1.46509,0.20967
12.43108,13.42945,-0.36554,0.78044,1.30449
13.18563,14.38631,-1.86318,1.29631,0.34427
13.04911,13.92340,-0.83526,1.41566,1.11156
12.58998,13.90900,-1.99033,1.12972,0.75683
12.53957,13.61917,-1.60757,0.92477,0.55189
12.91778,14.15423,-2.90992,1.08297,0.44078
13.29599,14.31694,-2.10882,1.21943,1.01767
13.28505,13.37064,-0.19760,0.81077,1.18612
12.44007,13.70631,-2.01160,0.73898,0.13093
13.14949,13.78124,-1.64010,1.15234,0.95870
12.40139,13.91361,-0.01791,1.11126,0.50295
13.08488,13.50753,-1.29006,0.79889,0.98320
12.65108,13.50041,-2.62464,0.91493,0.69517
13.02688,13.75631,-0.21218,1.25310,0.60584
12.64106,13.56587,-1.04811,1.47139,0.14338
12.92400,14.26262,-2.67195,1.37583,0.31392
12.43454,13.64287,-1.89393,1.32306,1.43984
12.94948,13.73549,-1.18263,1.45146,0.88806
12.91765,13.46237,-1.91072,0.76245,1.08737
13.19254,13.37107,-1.67541,1.27527,0.08302
13.24082,14.09670,-2.44617,1.28216,0.88989
13.28620,13.47248,-0.93664,0.78188,0.43918
12.61101,13.96761,-1.56107,1.22485,0.83111
13.03699,14.32285,-1.22789,0.83630,0.49031
12.69367,13.35741,-2.81310,1.13282,0.79600
12.50699,13.83913,-2.37694,1.11694,0.44882
12.67751,13.94558,-1.64414,1.31377,0.75605
12.66149,14.26310,-0.12642,1.39002,0.80374
13.05670,14.23243,-1.24235,0.99000,0.18912
12.82095,13.63792,-0.93436,0.72214,1.38711
12.94893,13.44259,-2.48080,0.94262,0.30631
13.18223,13.44750,-0.80911,1.14337,0.63453
12.80390,13.39332,-2.03120,1.18722,0.32036
13.29674,13.73296,-0.30891,1.29011,0.39935
13.01947,13.35127,-2.60800,1.35934,0.96167
13.02458,13.76902,-1.04773,1.15906,1.03788
13.15847,13.91242,-0.23041,1.30280,0.40178
13.25057,13.43110,-2.94391,1.38343,0.58201
13.12470,13.43493,-1.79372,0.88881,0.01510
12.79374,14.01828,-1.52493,1.46776,1.27132
12.88536,13.78881,-0.28124,0.98110,0.42880
12.58130,14.06165,-2.65227,1.21539,1.00948
12.62456,14.26750,-1.16738,1.30942,1.25305
13.13376,13.84065,-0.14379,1.18713,0.11160
12.73031,13.90277,-1.16605,1.11456,0.14832
12.66291,13.38323,-0.72080,1.31566,0.24928
13.19858,13.24522,-1.83795,1.20881,0.09145
12.70821,14.13740,-0.48506,1.18694,0.40576
13.21659,13.85080,-2.46718,0.94136,1.05935
12.97630,13.61437,-1.11710,1.44721,0.02117
13.19488,13.87064,-2.79817,0.92072,0.73729
12.45031,13.84892,-1.62572,0.82583,0.88285
12.92659,14.22547,-2.40402,0.82078,1.11620
12.76168,13.30999,-0.38080,1.07571,1.42834
12.49465,14.02450,-1.16880,1.17298,0.14944
13.03629,14.37266,-0.41000,1.27152,1.14342
12.86780,13.27629,-0.24367,1.07484,0.42088
13.11878,13.71131,-0.09936,0.94762,0.65728
12.70334,14.39362,-2.06837,1.09723,1.35965
12.75003,13.52685,-0.67546,1.44369,1.30858
12.53182,13.30229,-2.68337,1.22577,0.81035
12.48997,13.29808,-2.26468,1.44844,0.92352
12.50953,14.11375,-0.62887,1.29095,0.12343
12.54291,13.28364,-0.84256,0.91193,0.05280
12.69133,13.76918,-1.74648,1.16286,1.18736
12.71883,13.28635,-2.31426,1.04110,0.49817
12.63919,13.94158,-2.19883,0.74399,0.92687
12.91342,14.37596,-1.24087,0.89309,1.41285
13.20962,14.28995,-2.03221,1.17745,1.17610
13.08861,13.37214,-2.22569,1.39838,1.37842
12.74773,13.54113,-0.30266,1.02317,0.21272
12.71091,13.88197,-0.19662,1.33283,1.39387
13.21823,13.49036,-0.08144,1.07876,1.49200
12.93934,14.38847,-2.32102,0.87827,0.06657
12.64635,14.30766,-1.71560,0.82776,1.04256
13.28633,13.69825,-2.96888,0.95566,1.17823
12.70082,13.37955,-2.64033,0.79468,0.70024
12.62090,13.90972,-2.37626,0.82080,1.16056
13.05951,13.77993,-0.13385,1.28408,0.12971
12.71574,14.24596,-1.62591,1.40039,0.63038
13.24137,13.46726,-1.25185,1.12813,1.12205
13.06779,13.36515,-2.31269,1.17027,0.36657
12.48195,14.30479,-1.23345,1.08282,0.42175
12.53578,13.89330,-2.45824,0.78161,0.09640
12.64100,14.25789,-2.69493,0.77041,1.22623
12.47768,13.60194,-2.69793,0.89751,0.68796
12.66987,13.52670,-1.17514,0.95589,1.17652
12.87974,13.25367,-0.40623,1.28253,1.49054
12.52357,13.75577,-1.00704,0.81898,0.03924
12.48448,13.86407,-2.44549,1.48890,1.26102
12.90273,13.78057,-1.83308,1.23861,1.02261
12.64934,14.07362,-1.30419,0.91687,0.04452
12.75123,14.35481,-1.75321,0.84698,1.02511
12.45071,14.30040,-0.05450,0.95417,0.95534
12.84389,13.89814,-0.16998,1.06035,1.18231
12.99753,13.53587,-0.04102,1.45018,0.47065
13.02723,13.60984,-2.86419,0.77930,0.29479
12.79560,13.24008,-1.37178,1.49832,0.82560
12.44332,13.84754,-2.54272,1.41067,0.88634
12.69524,13.31586,-0.60282,1.33010,0.81107
12.47878,13.22236,-1.59801,1.03291,1.35388
13.08181,13.61028,-2.25435,0.78550,1.01986
12.56470,13.68672,-0.60827,1.43550,1.48137
13.08537,13.31672,-2.69656,0.88969,0.55667
12.79030,14.02019,-2.67309,1.10678,1.19241
12.65372,14.38185,-2.96035,0.92905,1.05854
12.45760,13.62764,-0.59260,1.29910,1.05789
12.85665,13.55092,-0.90697,1.09966,1.17062
12.76146,13.97716,-1.64149,0.82871,0.15938
12.97312,14.27756,-1.29838,1.42145,1.18435
12.51584,14.08570,-1.37296,1.31466,1.11417
12.85252,13.65147,-1.08306,1.08484,0.01732
13.25609,14.33115,-0.00876,1.45613,0.18364
12.83011,13.72467,-0.92655,1.06333,0.45038
13.14670,13.42199,-2.68617,1.20385,1.39355
13.06494,13.52178,-2.51370,1.48712,0.83900
13.13759,14.03079,-2.53235,1.19345,1.16015
12.86623,13.66477,-1.55003,1.32390,0.03530
12.86572,13.65381,-0.14063,1.49516,1.46091
13.28811,14.05970,-2.68969,1.44277,0.30198
12.72675,13.79712,-0.93826,0.82852,1.07721
12.83598,13.88862,-2.94397,1.09851,1.42868
13.09568,14.03351,-0.42941,0.85430,0.46095
12.58785,14.26816,-1.17598,1.33636,1.39349
13.03701,13.54640,-1.76017,1.45080,0.06643
12.64333,13.77662,-2.19747,1.49256,0.82813
12.83200,14.34539,-2.78894,1.44047,0.59918
12.69831,14.33728,-2.45197,0.93565,1.22485
13.10348,13.53890,-1.07615,0.74055,0.55081
13.01518,14.08423,-0.32509,1.45385,0.18064
12.67574,13.81276,-2.56891,0.70609,1.36575
13.05309,14.25257,-1.86850,1.40413,1.24749
12.98975,14.24184,-1.96345,1.37130,1.07610
13.12393,13.86491,-1.40375,1.00670,1.38547
13.20921,13.48914,-2.58118,0.94383,0.72930
12.40873,13.71326,-0.20014,1.22500,1.11123
13.23159,13.20542,-1.45237,1.22706,0.47312
13.17451,13.39239,-1.59564,1.02911,0.19576
13.21913,13.66927,-2.51972,1.14591,0.93445
12.99754,13.32058,-0.66496,0.88819,0.17314
12.61171,13.79992,-2.14776,1.16268,0.46103
13.23772,13.74856,-0.89556,0.77811,1.10143
12.58597,13.83556,-2.07804,0.96492,1.18357
13.02649,13.64783,-1.84692,1.33406,0.20638
13.29159,13.31962,-2.49646,0.70359,0.97757
12.83997,13.32183,-2.17709,0.72436,1.02441
13.14784,13.67072,-1.76720,1.12970,0.86902
12.94499,13.93804,-2.89919,1.09892,0.12547
12.85150,14.37082,-2.75562,1.33649,0.67679
12.90158,13.88907,-0.65154,1.14992,0.97395
12.95206,14.39012,-2.13226,1.32183,0.41551
12.94719,13.59367,-0.88078,0.97546,0.73971
13.29862,13.92316,-0.34824,0.85823,0.92412
12.76994,13.74251,-2.71821,1.05561,0.18479
13.11098,13.75621,-1.81680,1.31859,1.23980
13.27599,14.36712,-2.97891,1.14537,1.17834
12.78005,14.26721,-1.76666,1.10205,1.48981
12.65183,13.33946,-1.27258,1.33382,0.55158
13.02023,13.43463,-1.58651,1.40361,0.35765
12.61264,13.29512,-2.70232,1.44743,0.87395
12.82622,13.61916,-0.15646,0.95758,0.62677
12.89024,13.35814,-2.32243,0.75270,1.05800
13.21366,13.31150,-0.37582,1.00047,0.05213
13.09901,13.68761,-2.49985,1.08607,1.01814
13.20558,13.22050,-1.76395,1.37593,0.46995
12.94599,13.95821,-2.14951,0.72549,0.59307
13.21213,14.21234,-1.68240,0.70950,0.83840
12.91141,13.63045,-1.93089,0.79415,0.21227
13.26878,14.02737,-0.79029,0.71767,1.32027
12.61432,14.37109,-0.18156,0.76760,1.40691
13.16569,13.29782,-2.67967,0.75796,1.06151
12.99348,13.24773,-0.59219,0.86305,0.81263
12.44277,14.20213,-0.67156,0.99397,1.07242
13.27552,13.56977,-0.99400,0.98238,0.48999
13.14656,13.24314,-1.19959,1.17488,0.05688
13.13813,14.09588,-2.59443,1.29257,1.17278
12.52645,13.20356,-1.48112,0.86839,0.77005
12.57706,14.14147,-0.31165,1.25898,0.38739
12.44852,13.83747,-1.52818,0.71232,0.95409
12.98115,14.24312,-1.43098,1.26500,0.46602
12.47774,13.20260,-0.98717,0.93284,0.27243
12.71344,13.73734,-1.90973,1.03568,0.79926
13.22712,13.38767,-2.87070,0.89877,0.29595
12.73258,14.09774,-2.58029,1.31043,0.13621
12.55667,14.33287,-1.40276,1.18454,0.75440
12.50028,14.19232,-0.29479,0.95699,1.15859
12.73640,13.39199,-2.07183,1.00916,1.42753
12.94711,13.52547,-2.43641,0.85189,1.35779
12.61338,14.39536,-0.90117,1.47067,0.02502
13.14581,13.92645,-2.77307,0.81524,1.28819
12.57546,14.23046,-1.50635,1.07366,1.45701
13.06869,13.94068,-1.08499,0.91853,1.20796
13.25701,13.51916,-0.05548,0.96878,1.04910
12.97323,13.35198,-0.35743,1.21436,0.94698
12.65702,14.24089,-1.98747,1.32714,1.48817
12.83593,13.56836,-0.19045,1.17690,0.20685
12.74781,13.31030,-2.80600,1.43276,0.62906
12.70306,14.27387,-0.63780,0.70233,1.45495
12.76182,14.22849,-1.64480,1.18514,0.08296
12.86175,13.53065,-1.31842,0.90949,0.14711
12.44521,13.76885,-0.82961,0.93996,0.17377
12.62425,13.60435,-1.05773,1.47144,0.91472
12.71887,13.79447,-0.11895,0.81382,1.10695
12.96205,13.52279,-0.73516,1.43930,1.32242
12.77074,13.63040,-0.48147,0.79326,1.46352
13.22346,14.28737,-0.51629,0.93524,0.85759
12.94441,13.49978,-1.72798,0.90683,1.25235
12.80334,13.49677,-1.34562,1.36326,0.82365
13.14329,14.07310,-1.12646,0.94002,0.92000
12.98575,13.49876,-2.53370,0.85153,0.22154
13.09016,13.43283,-0.70125,1.10844,1.17681
12.91317,13.28602,-0.96712,1.43849,0.25910
12.64163,14.34055,-1.58385,0.87689,0.30530
12.72442,13.93173,-2.14352,1.26337,1.05597
12.69021,13.67458,-2.95430,1.14621,0.97517
13.09913,13.37585,-1.08005,0.88039,1.22516
12.56171,13.93950,-2.02218,1.11958,1.47746
12.46057,14.08307,-1.90995,1.33997,0.60275
13.14620,13.57177,-2.00928,0.70830,0.18924
12.55579,13.85269,-1.30629,1.40465,1.25329
12.75062,14.06256,-0.28826,0.88946,1.48079
12.88293,14.07794,-2.32986,1.09103,1.23917
12.95063,13.92357,-0.78438,0.88042,0.76950
12.49528,13.30051,-2.05420,1.43786,0.19587
13.12947,13.22590,-1.50161,1.17681,0.34089
12.82706,14.05315,-0.57306,1.21082,0.94541
13.01890,14.02066,-1.15028,1.10846,0.19068
12.91630,13.37646,-1.22295,0.82937,1.31514
12.63633,13.67902,-0.16646,1.39501,0.63713
12.84656,14.34699,-0.70409,1.30259,1.17878
12.46177,13.79218,-1.78463,0.70693,0.34146
13.20177,13.50719,-1.84706,0.70867,0.64933
13.09298,14.32401,-1.65134,1.36799,0.19257
12.65289,13.80197,-1.97430,1.18821,0.05133
12.70374,14.31748,-2.62459,0.99264,0.65322
13.11818,13.78989,-0.99754,1.25555,1.07283
13.25218,13.49263,-0.11802,0.74562,0.52156
12.67054,13.42016,-2.27876,1.29049,0.24398
12.60560,14.28922,-0.46463,1.07672,0.28288
12.96063,13.47807,-1.58202,1.32413,1.12437
13.09627,13.66680,-2.62134,1.43513,0.69023
12.40398,13.87093,-0.14672,1.33082,1.15798
13.11970,13.95972,-0.99824,0.82006,1.23201
13.16777,13.45510,-0.50602,0.99518,1.33579
13.27334,13.40628,-0.55700,1.10379,0.00410
12.85366,13.92144,-1.84961,0.79453,0.57897
12.98629,14.39488,-2.52560,1.09179,0.28927
12.90147,13.74671,-2.71020,1.45648,0.28237
12.42597,13.20502,-0.13290,0.83000,0.07418
12.49747,13.68292,-2.73315,1.35826,0.37729
13.06805,13.55173,-1.40524,1.04292,0.56449
12.49133,13.71153,-1.91799,1.43057,0.41563
12.80411,13.93903,-0.89513,0.91405,1.26697
12.90495,13.52656,-2.98869,1.12836,0.83804
12.84695,14.24804,-2.39961,1.37009,1.40035
12.76789,13.54462,-2.44534,1.34311,0.44967
13.03835,14.24059,-0.94852,0.91208,0.18031
12.75226,13.62360,-1.30505,0.76758,0.51478
12.44758,13.48093,-1.31412,1.03282,0.24326
13.16173,13.32859,-0.50625,1.38941,1.14444
13.00110,13.39048,-2.94154,1.37302,0.58448
12.93508,14.27052,-0.72756,1.41018,1.44737
12.65060,13.24224,-2.68836,1.38934,1.14450
12.95928,13.83234,-2.30362,1.43915,1.35471
12.78956,14.08463,-0.85401,0.74083,0.12078
12.81165,14.37497,-1.69200,0.72471,1.35683
12.51032,13.51696,-2.52859,1.27533,0.02812
12.70825,14.25963,-2.02380,1.14237,0.27748
12.49263,14.16567,-2.96212,1.47566,1.20906
13.10220,14.17629,-0.72134,0.99992,0.86691
12.79078,14.15019,-0.74499,1.43011,0.45987
12.92927,13.69948,-1.67137,0.88937,0.61382
13.25800,13.33425,-0.45601,0.91947,1.36217
13.01028,13.62953,-1.45274,1.31347,0.33650
12.58707,13.73120,-2.47430,1.26100,1.33201
13.10657,13.46109,-1.21984,1.45605,0.34752
12.45012,14.28639,-1.19510,1.47708,1.02710
12.94405,13.60440,-0.79201,1.31697,1.09077
12.95778,13.71003,-2.36829,1.30367,0.74029
13.25347,14.02316,-1.47789,1.29019,0.00372
12.82898,13.35299,-2.65147,0.81923,0.90328
13.11780,14.36012,-0.88128,1.42851,0.18737
12.56262,13.27304,-1.19219,1.42992,0.85678
12.85476,13.44152,-1.33435,1.41384,0.58040
12.65732,14.22489,-2.62068,0.92518,0.30320
12.79947,14.36140,-2.65762,0.90335,0.99607
13.19344,13.51344,-1.95524,0.96863,0.94216
12.46472,13.93856,-2.61216,0.81884,0.37797
13.14688,13.78741,-1.72515,1.40123,0.64513
12.74655,14.03210,-2.00264,1.15140,1.38258
12.41262,14.17765,-1.78219,1.02639,0.25898
12.48220,13.74244,-0.28768,1.49311,1.34785
12.97188,13.72541,-0.42531,0.70638,0.48376
12.74309,13.43102,-0.16092,0.88467,0.65401
12.46814,14.35568,-0.81604,0.73778,0.49702
12.77606,14.08816,-2.15497,0.77891,0.17584
13.15026,13.62941,-1.95973,1.11127,1.28147
12.52324,14.10451,-2.64066,1.33299,1.22133
13.05389,13.73740,-1.46687,1.09807,0.08974
12.55898,13.90826,-0.65330,0.96352,1.44339
13.11295,13.65196,-2.82059,0.96833,1.40886
12.51442,13.68672,-0.22992,0.80614,0.96787
12.68674,13.91732,-0.10567,0.87736,0.54285
12.75824,14.22641,-0.26323,1.45342,1.37563
12.96415,13.47493,-0.94085,1.47382,0.43285
12.60200,13.98232,-1.52698,1.01653,0.10409
12.64915,13.94835,-0.24391,1.49012,0.04577
13.25960,14.23685,-2.28484,0.79642,0.95929
12.57985,13.49498,-2.62238,1.24501,1.30021
12.92172,13.73128,-2.64023,1.42400,1.47843
13.15144,13.95447,-0.32735,1.48911,0.30489
12.41321,13.89502,-2.51668,1.32353,0.80577
13.02040,13.37677,-2.89040,1.29649,0.25543
12.80667,13.57300,-2.86394,1.12444,0.42964
12.74237,14.10931,-1.73056,0.89434,0.53423
12.64090,13.89402,-0.21372,0.91903,0.02593
13.13587,14.21358,-0.48550,1.17760,1.26481
13.05376,13.59377,-2.28961,1.47647,0.60397
12.70261,13.99291,-1.10887,1.13727,0.58060
13.04902,14.03440,-1.01244,1.20593,0.45356
13.03760,14.35432,-1.22880,0.89625,0.44703
12.57244,13.54945,-1.70010,1.34848,0.65072
12.54910,13.32917,-1.59164,1.06361,1.24328
13.00141,14.11410,-0.33341,1.21796,0.27984
12.84467,14.01584,-2.64355,1.09079,1.37014
12.56928,13.70459,-0.43195,1.36866,0.65588
12.63382,13.42729,-1.13948,0.91192,1.13858
12.92827,13.56335,-0.21952,1.16807,0.85640
12.71051,13.51763,-1.22322,0.71591,0.96841
12.47228,13.91326,-0.06419,0.86153,1.30457
13.11101,13.35983,-2.70380,1.24454,1.40746
12.71655,14.17352,-1.56538,0.83895,0.45240
13.20815,13.37519,-0.86737,1.35814,0.08704
12.92463,13.54890,-0.27965,1.05752,1.15231
13.18145,14.13941,-0.75275,1.24132,0.36595
12.45598,14.18380,-0.27145,0.90353,0.00289
12.52473,13.73124,-2.03762,0.95721,1.04545
13.13159,13.39527,-2.40623,1.04781,0.71285
13.01606,13.22581,-2.50915,0.78280,0.74396
12.47394,13.45117,-2.34023,1.44089,0.46320
12.71342,14.03788,-0.40586,1.14822,0.34150
13.12889,14.18256,-2.67043,1.08013,0.84004
12.41689,13.57601,-1.57188,0.84224,0.17958
12.59825,14.06768,-1.36320,1.44897,1.14653
13.25795,13.74268,-0.47879,1.30373,1.32246
12.71181,13.44630,-1.99267,1.32304,0.21364
12.74282,13.57273,-2.64519,0.71197,1.21159
13.05701,13.29820,-1.62528,1.43663,1.41102
12.46856,14.15908,-2.47029,1.04727,1.12547
12.68653,13.63264,-0.05714,0.86635,1.49374
12.63528,14.14899,-1.44686,0.85895,0.50255
12.73522,14.30761,-2.79621,1.32078,1.03727
12.59626,13.67978,-2.41771,1.43552,1.31138
12.72352,14.10828,-1.04188,1.27662,0.36849
13.20295,13.98998,-0.70169,0.94937,1.45364
13.01506,13.27252,-1.29594,1.48044,1.20247
12.94459,13.34417,-1.47124,1.08847,1.22902
12.97558,14.21641,-1.10021,1.34246,0.99497
12.51565,13.50379,-0.03863,0.95724,0.96349
13.24457,14.14048,-0.84596,1.05955,0.93499
12.71877,13.31103,-1.88560,1.10853,0.74452
12.44674,13.27988,-0.76977,0.80389,0.55520
12.92853,13.97249,-0.68142,1.28667,1.28266
12.94357,13.72144,-0.74995,1.14787,0.41033
13.27522,14.35318,-0.93815,0.79903,0.08005
13.01295,14.06526,-2.36946,0.79344,1.18876
13.17204,13.82682,-1.16255,1.15457,1.20298
12.84873,14.36953,-1.92841,1.37184,0.45382
12.68139,13.28984,-1.65766,1.06747,1.40148
12.73198,14.07566,-2.89019,1.04834,0.62753
13.14945,13.96695,-0.70786,0.71699,0.96462
12.96446,13.56745,-2.26705,1.20779,0.74248
13.10929,14.21190,-0.07751,0.94843,0.27712
12.49754,13.27475,-1.35889,1.12652,1.09222
12.64631,13.43862,-2.52650,1.12335,0.40207
12.60290,13.87685,-1.23723,1.38119,1.09444
12.68792,13.31752,-1.99533,1.19217,0.87494
12.78891,13.91778,-2.70083,1.26170,1.40229
13.18478,13.26585,-2.46303,1.28735,1.04290
13.08650,13.44316,-1.14958,1.25728,0.18994
12.45555,14.36870,-0.24068,1.33210,0.24486
12.47937,14.37035,-1.45731,0.81099,0.19059
13.16511,14.09127,-1.43708,1.15344,1.44141
12.92793,13.99467,-2.65687,1.05310,0.37850
12.48126,13.29082,-2.39033,1.02731,0.54048
12.59938,14.08069,-1.00326,1.11812,0.47867
12.59831,14.37460,-2.77614,1.04370,0.05149
13.28349,14.02646,-1.62105,1.09283,0.91107
12.52986,14.32117,-2.34032,1.47073,0.70971
12.89530,14.10686,-1.70069,1.31166,0.49448
12.89266,13.83667,-0.87052,1.05017,0.09156
12.93428,13.72597,-0.25195,0.73492,1.32944
12.43736,14.03428,-2.39823,0.88814,0.66015
12.75717,13.85103,-0.97027,1.16296,1.31729
12.44456,13.87721,-0.12128,0.79691,1.35111
12.90654,13.74275,-1.17474,1.01026,0.24210
12.92390,13.68942,-0.99296,1.14776,1.02262
12.94754,14.24736,-2.85255,1.14794,0.17497
13.27442,13.22727,-1.86211,1.25617,1.42814
13.08440,13.84019,-0.57174,1.39737,0.12241
12.90331,13.26867,-2.56618,1.27375,0.30818
13.24629,13.29581,-1.39504,1.18699,0.01752
13.17361,13.87409,-2.27260,0.98567,0.99354
12.87298,13.38164,-0.04285,0.96428,1.19908
13.02573,13.53736,-1.42685,1.31406,0.72215
13.11768,14.28690,-1.46235,0.94141,0.81698
13.07683,14.13434,-0.47558,1.11430,0.13053
12.70225,14.11820,-0.92758,0.93683,0.24218
12.47795,13.88215,-2.25742,0.72873,0.55397
12.76289,14.37781,-2.21852,0.77842,0.31966
13.22848,14.38972,-0.43808,1.29211,1.43399
13.07197,13.30676,-0.19313,0.88190,1.48713
12.68718,13.22137,-0.00397,1.18268,0.47949
12.75862,13.88617,-2.34160,1.34187,0.25931
12.75656,13.94496,-1.15299,1.00381,1.39767
12.71986,13.32999,-1.59132,1.34138,0.78471
12.86092,14.03370,-2.79319,0.83121,1.26950
12.89444,13.20658,-1.89585,0.94599,1.11015
12.49368,13.74027,-1.84597,0.76077,1.25077
13.25501,13.50385,-1.13678,0.75562,1.30759
12.60871,14.00841,-2.13398,1.37411,1.09153
13.08411,14.05232,-1.25219,1.22190,0.51268
12.98797,13.88593,-2.07464,0.87436,0.37723
12.67971,13.29341,-0.12095,0.71561,0.89975
12.57311,13.89610,-1.91052,0.87794,0.08635
13.02086,13.66670,-1.02428,1.00795,1.35354
12.66377,13.95856,-0.98047,1.21322,1.12325
12.72166,14.29588,-1.15015,1.46982,1.30959
12.71861,13.67184,-2.19144,0.93110,0.78165
13.20319,13.50450,-2.96999,1.18089,0.17507
12.76759,13.68948,-1.35120,1.13480,0.87653
12.60996,13.28793,-2.85648,0.97798,0.96343
13.05948,14.09890,-2.99434,1.34932,0.32067
12.76781,13.29165,-0.79517,1.21008,0.34096
12.77786,13.40186,-0.03771,1.36567,1.46879
12.89767,13.72275,-1.45948,1.44871,0.18931
13.10229,14.24542,-2.75532,1.20727,0.44299
12.91793,14.25538,-2.05777,0.99727,0.49442
12.89449,14.38919,-0.46005,1.45877,1.34945
12.91855,13.94821,-1.60254,1.02567,0.94019
13.21206,13.23767,-2.49352,1.15216,0.31529
12.66215,13.77710,-2.63579,1.19815,0.32058
12.40163,13.23405,-2.59173,0.71730,1.06158
12.59921,13.41862,-1.73230,1.17853,0.56915
13.27363,13.54309,-1.45205,0.77172,1.12372
12.55385,13.71049,-2.15787,0.91744,0.56070
12.69857,13.39673,-2.21044,1.35470,0.07525
13.15581,13.59402,-0.93654,0.97265,0.27893
13.02346,13.27952,-2.91881,1.15877,0.65983
13.21862,13.79159,-2.36448,0.75901,0.20133
12.40187,13.65416,-2.53782,0.72493,1.22474
13.13539,13.96760,-1.33545,0.87722,0.92062
13.22244,13.23207,-0.95694,1.11003,0.93342
13.15638,13.50917,-2.82831,1.29545,0.98025
12.86222,13.46674,-0.95591,1.08221,0.25043
13.12552,13.39046,-0.30618,1.33137,1.02657
12.88310,14.38430,-0.95009,0.99922,1.33407
13.12266,13.63266,-0.92254,1.23902,0.62574
12.78497,13.58951,-1.45478,1.19209,1.37966
12.45835,14.23953,-0.81526,0.84879,0.71268
13.15733,13.99517,-2.86461,1.15506,0.05223
12.83701,13.69615,-2.46634,0.94497,1.01281
13.16693,13.86105,-1.05241,0.82544,1.44171
13.25905,13.24714,-2.88487,1.37827,1.23505
12.92125,13.38360,-1.48883,0.91969,0.04332
13.29260,13.66796,-0.40555,1.06510,0.39590
13.13844,13.51349,-0.56966,0.87597,1.49220
13.02779,13.99094,-0.56740,0.74569,0.73516
12.75179,14.33937,-1.60839,0.83104,0.24434
12.46341,13.89360,-1.39291,1.30591,0.11093
12.85566,13.74434,-1.10741,0.91443,1.30295
12.78088,14.06012,-0.78914,0.98479,1.04398
12.68936,13.82361,-2.06170,1.15464,0.32821
13.11634,13.70904,-2.90335,1.23188,0.01065
13.10847,14.24022,-1.22437,0.91037,1.44653
12.50473,14.04292,-0.70735,1.40162,0.84871
13.06571,13.50652,-2.04586,1.13925,0.38826
12.48740,14.04974,-0.09597,1.02448,1.09990
12.43897,14.01852,-2.34005,1.31605,0.12361
12.51212,13.62796,-0.24008,1.25564,0.12047
12.70445,13.68001,-2.53279,1.41040,0.83915
12.62654,14.00810,-2.75115,1.48984,0.46308
12.44891,13.59755,-0.11791,1.38999,0.83592
13.03061,14.25722,-2.10970,0.81428,0.81617
12.75169,13.73404,-1.88714,0.95320,1.07748
12.42246,13.91345,-2.82473,0.97881,0.31561
13.22523,13.23140,-2.27971,1.07587,0.88763
12.60267,13.48391,-2.05014,0.74718,0.21475
12.96649,14.39446,-1.39462,0.96748,0.40875
13.06099,14.10052,-2.15824,1.47236,0.92192
12.66723,13.39066,-1.33290,1.41121,0.67730
12.72631,14.37294,-1.91197,1.21827,0.54682
13.24530,13.67323,-0.70586,1.39896,0.02632
12.72740,14.05039,-0.45413,1.09889,0.06374
12.71836,13.42598,-0.83341,0.71041,0.18312
12.46927,13.75903,-2.61233,0.94080,0.99818
12.92947,13.42171,-2.04764,0.71576,0.79995
12.53261,13.65623,-1.93917,0.76855,0.29449
12.41219,14.32720,-0.08218,1.24214,1.42905
12.49176,13.41894,-0.58470,0.90460,0.78309
12.66804,13.99365,-2.43279,1.18926,0.71940
12.59299,13.80866,-2.18503,0.84210,1.32725
12.87737,14.37249,-2.85974,0.99605,0.29352
12.93794,13.34792,-2.00106,1.45808,1.20512
12.84590,13.78772,-2.23917,1.45552,0.10104
12.59960,13.99694,-0.70981,0.94104,0.02207
12.91027,13.31406,-2.21673,0.91503,0.23697
13.14863,14.33880,-2.09968,0.91586,1.13056
12.86644,14.22769,-1.43519,0.92320,0.03028
12.87938,14.09775,-0.13553,0.78979,1.42009
12.93203,14.00636,-2.35286,1.27968,0.47736
13.25069,14.05676,-1.75627,0.93484,0.20817
12.49485,13.62413,-0.42899,1.31218,0.63225
13.23005,14.04740,-0.16586,1.41152,0.45846
12.42063,13.57234,-0.18285,1.03127,1.42650
12.82857,13.88752,-2.54604,1.19853,1.13337
12.87895,14.11140,-1.67756,1.22722,1.06136
13.08525,13.77048,-0.45587,0.74967,1.34424
12.50147,14.34904,-2.27402,0.70504,1.22299
12.44987,13.84690,-0.11592,1.08111,0.60743
13.02530,14.29453,-0.28273,1.29081,0.57771
12.47332,14.07988,-1.77796,0.90429,1.05813
12.87602,13.84004,-0.43005,0.97340,1.32341
13.27116,14.18642,-0.43968,0.91591,0.18832
13.07504,13.23823,-2.31678,0.78014,1.34136
12.61094,14.25849,-2.63348,1.47927,0.99204
12.85591,13.80871,-0.70862,0.92119,0.06961
12.47963,14.09577,-1.66104,0.98787,1.00453
12.76402,13.39226,-0.54181,0.70156,0.63354
12.95896,13.86474,-1.61555,1.49204,1.25431
13.05735,13.72969,-0.73029,1.48476,0.71902
12.45310,13.29687,-0.52400,1.27318,0.27516
12.93849,14.29084,-2.45463,1.49011,0.75005
12.60877,13.36009,-0.04518,1.40220,0.78496
13.10052,14.18524,-2.92637,1.23760,0.87291
13.14084,13.48626,-0.32880,0.76747,0.73445
13.06088,13.53737,-0.60982,1.24865,0.84498
12.42668,13.32635,-0.09391,0.92794,0.12973
12.55136,14.21407,-0.95003,0.84217,0.25079
13.07268,13.92575,-1.89526,1.41105,0.02444
13.25489,14.27141,-2.43379,1.28787,1.12480
12.74380,13.88579,-1.94699,1.26021,1.17369
12.90075,13.74440,-2.65638,1.08384,0.21105
12.46351,13.47263,-2.39336,0.87141,0.48328
12.55257,13.44456,-2.18881,1.25691,1.19964
12.96815,13.29106,-1.06886,1.21505,1.43293
13.21160,13.60338,-0.61055,1.03034,0.35285
12.52229,13.93662,-0.22033,0.97128,0.93481
13.16289,13.36797,-0.25715,1.34085,0.42508
13.29203,14.34755,-1.67322,0.95316,1.14783
12.61402,13.90783,-2.15714,0.76636,0.52905
13.17082,13.34027,-2.71102,1.07004,0.34078
13.24225,14.02910,-0.08596,1.16489,0.89807
12.95019,13.65114,-2.48291,1.01659,1.04568
12.69924,13.94582,-1.93954,1.38289,0.04376
12.56385,13.32726,-0.33438,1.30970,1.29196
13.28403,13.52222,-1.67407,0.83238,0.13437
12.99761,13.98134,-1.78019,1.08465,0.37081
12.65339,14.03135,-2.14519,1.12764,0.53894
12.94573,13.73778,-2.91706,1.28142,0.41972
13.24321,13.45705,-1.56143,0.89131,0.76557
12.54293,14.30806,-2.86522,0.77609,0.63618
13.01289,13.53739,-1.67672,1.30470,0.93450
13.13328,13.99163,-2.94771,1.16111,0.95441
12.72024,14.12969,-2.54606,0.78136,0.59905
12.58244,13.28752,-1.73895,0.89825,1.00813
12.87715,14.30381,-1.83959,0.76836,1.24554
13.22329,14.23179,-1.19620,1.28035,0.49391
12.40084,13.87011,-1.38083,0.88572,0.00583
12.78588,13.74732,-2.00127,1.02679,1.36967
12.76997,13.20681,-2.35593,1.44551,0.12539
12.98664,13.23054,-1.40367,0.92824,1.32070
12.50692,14.10119,-0.39975,1.11762,1.20349
12.46308,14.20449,-2.17935,1.21587,0.37377
12.72500,14.27281,-0.18333,1.00109,0.70626
12.78295,14.28043,-0.01721,1.25189,0.09742
13.17464,13.30641,-0.14023,1.12769,1.12068
12.63357,13.43123,-2.82412,0.75225,0.01226
12.66700,13.92511,-2.23912,1.42748,0.70147
12.97196,14.00330,-2.78443,0.79233,1.08785
12.90697,13.71005,-1.49351,0.88869,0.57004
13.08752,13.73391,-0.13647,1.22180,0.58377
12.46855,13.37229,-0.98036,1.20472,1.23476
12.66528,14.20247,-1.74751,0.71096,0.32299
13.29677,14.27245,-2.41405,1.38518,0.65285
12.52290,13.40511,-0.28315,0.89544,0.58790
13.23777,13.81186,-0.74170,1.42130,0.00383
13.08935,13.34376,-1.85874,1.21841,1.19727
13.06165,13.50718,-1.16782,1.37554,0.51023
12.55413,13.67412,-2.09153,1.48197,1.38133
12.93145,14.11192,-1.90815,0.93714,0.73066
12.69128,13.46755,-1.25486,1.21104,0.91245
12.90278,13.45993,-1.54023,1.10819,0.25733
12.52300,13.37051,-1.79941,1.16637,0.14734
12.95573,13.91965,-0.87149,1.08666,0.17511
13.12396,13.73443,-2.24809,1.02226,1.10753
12.76239,13.24963,-2.28883,1.31433,0.74295
12.64037,14.15038,-2.75450,0.74626,0.65195
12.77474,13.91221,-2.24488,1.33115,0.03504
12.97404,13.84460,-1.57119,0.78617,0.50524
12.59811,14.04743,-1.49402,1.46293,0.88062
12.93448,13.32281,-2.39182,0.87652,0.24192
12.73238,14.15243,-0.46083,1.07369,0.08309
12.56705,14.38490,-1.43975,1.49575,0.92649
12.54201,13.79782,-2.53911,0.87333,0.44781
13.07317,14.28094,-0.11562,0.75339,0.35733
13.02117,13.40903,-0.04934,1.02354,0.29946
12.50163,13.85776,-1.57338,1.41016,1.30954
12.84326,13.83755,-1.35012,1.32209,0.52589
12.80877,13.59219,-0.93090,1.48188,0.17792
13.25521,13.44667,-2.61130,0.77404,0.65432
13.11924,13.50044,-0.67319,1.43457,1.24727
12.50622,14.17692,-2.30653,1.20452,1.11523
13.10169,13.62059,-2.40968,1.24862,0.41528
12.43446,13.58762,-2.56365,1.46561,1.44882
12.59868,13.33891,-0.91886,1.43003,0.98308
12.78110,13.35020,-2.51046,1.20456,0.90957
12.56739,13.82191,-0.66946,1.01123,1.49417
12.64154,13.39896,-0.72393,1.22085,0.53256
12.81385,14.05145,-2.28636,0.82981,1.08167
12.77587,13.91130,-1.25106,1.13545,0.42583
13.11499,13.44494,-0.38745,1.37734,0.15779
12.86274,13.88006,-0.58892,0.79265,0.53353
12.80393,13.85414,-2.96392,1.23143,1.35348
12.59837,14.12600,-2.28043,0.90078,0.19153
13.00425,14.16391,-2.07298,0.90993,0.81144
12.74062,13.95699,-2.91497,1.00112,0.21204
12.57031,14.23172,-2.53240,1.27058,0.25348
13.07112,13.88450,-1.66065,1.27958,1.21865
13.19290,13.33167,-0.27710,1.40274,0.09566
12.88505,14.39746,-1.74677,1.07986,0.80162
12.96976,14.06624,-1.06598,0.98302,0.69793
12.40937,13.40768,-0.72785,0.71112,0.87462
13.28289,13.83124,-0.15476,0.89737,0.32619
12.54612,13.56468,-2.74828,1.17356,0.76761
13.14404,13.94382,-2.01413,0.89814,0.75026
12.82450,14.24630,-1.47018,1.06094,0.35729
12.73078,13.83119,-0.94975,0.75777,1.10165
13.28766,14.10414,-0.88917,0.70331,0.67006
12.68183,13.43691,-1.35980,1.15638,0.33245
12.56391,13.29321,-0.17567,1.39417,0.17442
13.23181,14.10505,-0.38323,1.00223,0.94046
12.58207,13.55198,-1.08480,0.93045,0.36753
12.73564,13.88228,-0.40935,1.05710,0.57849
12.70029,13.22923,-0.17286,0.78975,0.69951
12.86166,13.75436,-1.74404,0.93933,0.23181
12.94808,14.33148,-2.06193,1.24519,0.58616
13.00346,14.35740,-2.93657,0.87480,0.87223
12.79286,14.05201,-2.38459,0.74221,0.97262
13.05113,14.09620,-1.67757,0.95678,1.01829
12.61527,13.57665,-0.92440,1.19286,0.11714
12.74348,13.29153,-0.72554,0.77717,0.04732
13.10377,14.15934,-1.66466,1.34936,1.44276
12.87235,14.19012,-0.94711,1.22789,1.11543
12.73822,13.71499,-2.74942,1.01945,0.17695
12.43222,14.31529,-1.57915,0.86065,0.30647
12.48269,13.54153,-0.01418,1.34110,0.45899
12.44492,13.65040,-1.34233,1.24530,0.17053
12.74642,13.83296,-2.82902,1.14104,1.30408
13.17849,13.49459,-2.27857,0.83671,1.31727
12.48839,14.23574,-0.89598,1.38142,0.00364
12.74306,13.25477,-0.38812,1.43103,0.74532
12.49984,13.67684,-1.29788,1.49773,0.72566
12.41125,13.36541,-0.20605,0.76289,0.50207
12.73259,13.59045,-0.90399,1.27721,0.83973
12.68001,14.35262,-2.38329,1.02082,0.75348
13.21191,14.23156,-0.40806,0.92922,0.50862
13.13397,13.56289,-1.93805,1.21692,0.36811
12.98466,14.37993,-0.55691,1.42446,0.22915
12.58535,13.47468,-2.08247,1.16959,0.21354
12.56251,13.47175,-1.37544,1.22445,0.85109
13.15372,13.31396,-1.22068,1.25844,1.22263
12.48131,13.75405,-0.97791,1.03544,1.06440
12.92190,13.99644,-0.49101,0.76242,1.48262
13.28274,13.70892,-0.75111,1.30486,0.11436
12.89034,14.01320,-2.53273,1.22140,1.40586
12.53096,13.31124,-1.92299,0.82499,0.75472
13.21477,13.38853,-1.99527,1.18947,0.75341
12.85836,13.66783,-2.79014,0.79356,1.44146
13.09066,14.25790,-1.65934,1.13968,0.49045
12.91053,13.84866,-0.00627,1.28484,0.95925
13.27756,14.06434,-1.34316,0.94546,0.55443
13.03075,13.70503,-0.72996,1.16252,0.37808
13.21339,14.18579,-2.06458,1.45069,0.50844
13.15676,13.49082,-2.63678,1.14807,0.76051
12.63854,14.38236,-2.61045,1.49170,0.29399
12.94591,13.34023,-1.14125,1.48621,1.26575
13.13971,14.19892,-1.42939,0.97789,1.11545
13.15712,13.95358,-1.78839,1.11607,0.83005
12.92112,13.40425,-1.69329,0.99769,1.35158
12.59667,13.56920,-2.78072,1.48420,1.01954
12.55588,14.12745,-2.67884,0.96318,0.50619
12.81945,14.36967,-0.18552,0.85732,0.04352
13.12876,13.73687,-2.49427,0.88127,1.37427
13.11904,13.32143,-2.37046,0.93165,0.51674
12.80780,13.65463,-0.50303,0.72485,0.61118
12.49901,14.23919,-1.76602,1.16465,0.79469
12.65855,13.50617,-2.30028,1.16990,0.99233
12.77735,13.77435,-1.25503,1.20757,1.29436
13.26626,13.84203,-0.06632,1.31862,0.32451
12.91743,13.56830,-1.26254,0.76456,0.75055
12.47866,13.27646,-2.60882,0.75730,0.27227
12.64839,13.98453,-2.94720,0.70439,0.29475
12.84366,14.29066,-2.02166,1.10355,1.25302
12.92838,13.55687,-0.58490,1.00676,1.39208
12.45203,13.63811,-0.04722,1.25598,0.89257
13.04371,13.33015,-2.01420,1.40238,0.75821
12.90490,14.14764,-2.47242,1.04261,0.93781
12.98212,13.41132,-1.39961,1.17576,1.32336
13.07667,13.80288,-2.54985,0.78226,0.30932
12.85760,13.61619,-1.03233,0.85978,0.83645
13.26679,13.23768,-2.63692,0.94445,1.12492
12.46061,13.91220,-0.04717,0.93509,1.37326
12.59205,14.23491,-1.33416,0.99589,0.60599
12.61193,13.98871,-1.32103,1.29615,0.17469
12.89859,14.14238,-2.82183,1.38369,0.38109
13.21542,14.14475,-0.60449,1.03375,0.15811
13.27052,13.26839,-2.49018,0.73230,0.33005
12.59001,13.44297,-0.33315,1.24177,0.85097
13.02746,13.35583,-2.32887,1.28853,0.21192
13.12719,14.02230,-1.03084,1.37523,0.94905
13.26836,14.08219,-2.06021,1.26044,1.08408
12.74574,13.71003,-0.26002,1.20776,0.37121
13.23994,14.00753,-1.31986,1.10495,0.78259
12.75879,13.67818,-2.70523,0.96663,0.50412
13.17956,13.65256,-2.95969,1.40265,0.70957
13.23156,13.41486,-1.56579,1.33960,0.94818
12.95468,14.11791,-1.87019,0.82259,1.11844
12.71110,14.09412,-0.92033,0.80775,0.32086
13.11127,13.75537,-0.64255,1.15483,0.12058
12.98960,13.81321,-0.82136,0.83737,0.44803
12.49617,14.22623,-1.47350,0.96009,1.06249
12.66282,14.39087,-2.91289,1.01561,0.53189
13.14468,13.38582,-2.74223,0.83996,0.51841
12.49767,14.22448,-2.43262,0.92991,0.91483
13.11553,14.39970,-1.84087,1.41845,0.67533
12.97633,13.40744,-1.90982,0.82240,0.03555
12.91166,13.64583,-0.13934,1.14335,0.33289
13.27629,13.55226,-0.40951,1.46321,0.49970
13.13035,14.29470,-0.92221,0.92553,0.70864
12.89522,14.01614,-2.10046,1.34723,0.85146
13.02546,13.59292,-0.48189,0.86081,0.01187
12.79694,13.60926,-1.96753,0.86464,0.84942
13.08150,13.80507,-1.15203,1.09865,1.30902
13.15871,14.25987,-0.81608,1.46770,0.87718
12.98360,14.17443,-2.11800,1.12851,1.17323
12.43319,13.30117,-1.92627,1.10468,0.49535
12.84765,14.19491,-0.77887,0.88451,1.29867
12.92975,14.07302,-0.97333,0.86076,1.36048
13.00029,13.62132,-1.45908,1.19761,1.11648
12.40120,13.31288,-0.56996,0.92433,0.44492
13.20722,13.80194,-1.85058,1.34739,0.59038
12.63901,14.06774,-1.08287,0.80666,0.74692
12.79933,14.37146,-2.33245,0.76220,1.08882
12.71478,13.72418,-1.35387,1.12274,0.91965
12.70810,13.73999,-0.04485,1.03735,0.52897
13.07945,14.37766,-1.60845,1.43297,0.13668
13.13294,13.49410,-0.92951,0.72066,0.78613
12.71973,13.68567,-1.23069,1.02458,0.28616
12.67119,14.23082,-0.28110,1.28940,0.45777
13.29949,13.85337,-2.56057,1.36556,0.29754
12.66959,13.48925,-2.91354,1.10028,1.47271
12.90365,13.43775,-1.79232,0.71382,1.16777
12.93804,13.81156,-2.81994,0.86226,0.97280
13.06774,14.25984,-1.28071,1.43009,0.65856
12.64422,13.89554,-2.86469,0.92747,0.99154
12.61912,14.21983,-1.77308,1.26943,0.76547
12.85479,14.31912,-1.41100,1.19650,0.54715
12.71645,13.49664,-1.43307,1.43502,1.41930
12.55554,13.39878,-2.40636,1.30184,0.97372
12.75424,14.30515,-2.71878,1.27138,1.42722
12.40268,14.30594,-0.27823,0.98830,1.04369
12.88711,13.89623,-2.27413,1.41773,0.53132
12.74371,13.60093,-2.41970,1.30820,0.81745
13.27085,14.27689,-2.81291,1.18489,0.72788
13.20762,13.33428,-2.96866,0.87967,1.10627
12.72356,14.37872,-1.00746,1.48663,1.21039
12.62371,13.47603,-1.32566,0.82111,0.40095
13.15636,13.95400,-2.72842,1.41853,0.71871
12.93059,14.28606,-2.58004,0.77478,0.41221
13.26507,13.25999,-1.15955,1.42472,0.73461
12.45914,13.42781,-1.28188,1.13879,0.27153
12.91041,13.62868,-0.11851,1.37757,0.54207
13.08708,13.33895,-2.95607,1.23360,0.59318
13.24513,13.88281,-1.39814,1.31311,0.90594
12.73618,13.35966,-0.72447,0.89422,1.19087
12.93324,13.32837,-1.84611,1.24702,0.53083
12.93031,13.25610,-1.52339,1.14424,1.36312
12.97816,13.64020,-0.52990,0.98838,0.16634
12.73708,13.59840,-1.72956,0.85959,0.75504
12.75094,13.35728,-1.60989,1.23639,1.13474
13.20011,14.09749,-2.73801,1.22458,0.53613
12.57191,13.46470,-1.65077,0.98876,1.43145
13.22904,13.21633,-0.09079,0.76735,0.82292
12.44034,14.33507,-1.78357,0.89907,0.29658
13.09644,13.79988,-1.14046,0.92161,1.14069
13.15619,14.34517,-1.38374,0.85627,0.10468
12.55494,13.72933,-2.35460,1.10141,0.28919
13.28050,14.21241,-1.95215,1.41776,0.82254
12.93895,13.28986,-0.52075,1.03048,0.27896
12.68207,13.54779,-0.24114,0.79988,0.73561
13.00239,13.60140,-2.29971,0.77218,1.38072
12.69145,13.71672,-2.28390,1.43707,0.17899
12.55547,13.34844,-2.49481,0.99649,0.57596
12.80959,14.15400,-2.76112,0.94754,0.14001
13.02667,14.39870,-2.20500,1.08348,1.19927
12.82083,14.06475,-2.62950,1.18842,0.70901
12.51755,13.39924,-0.59671,0.72037,0.60494
13.22050,13.56051,-0.26822,1.49331,0.27322
12.42516,13.72312,-1.22964,1.30472,0.73220
12.68772,14.06294,-1.92630,1.19218,0.76386
12.98632,14.12417,-0.25567,1.23015,0.70525
12.84775,13.62403,-0.16851,1.14596,1.00091
12.75808,13.49610,-0.85417,1.27207,1.26748
12.78785,13.59279,-1.81211,0.85413,1.22847
12.49452,13.85706,-2.03145,0.83354,0.91106
12.91378,13.52039,-1.19087,1.49136,0.19249
12.95023,14.06746,-0.90747,0.75858,0.79007
12.68992,13.48055,-1.77917,1.41307,0.99827
12.73699,14.29902,-0.44729,1.44660,1.09378
12.59888,13.76189,-0.01357,0.70884,0.63543
12.89535,13.97310,-1.79346,1.12906,0.05905
13.03270,13.22322,-1.75195,1.19105,0.84768
12.59560,13.79140,-2.22104,0.80649,0.37505
12.64649,13.26878,-0.70238,0.93393,0.92767
13.22288,13.54107,-0.27394,1.24595,0.54980
12.78634,13.45243,-2.53768,1.11336,0.06877
13.28008,13.79156,-1.30592,1.01183,0.95069
12.85110,14.17889,-1.79830,0.90062,0.71472
12.81638,13.75760,-1.86828,0.81148,0.43729
12.76528,13.72822,-0.76948,1.23358,0.32226
12.65897,13.71567,-2.59024,1.41399,0.54434
13.24405,14.16478,-1.88011,0.95379,0.82232
13.11235,13.99658,-2.20718,0.71742,1.11146
12.57913,13.57074,-2.89859,0.73659,0.01745
13.18317,13.97467,-0.12959,1.06018,0.34099
13.04561,13.87642,-2.42935,0.76316,0.02910
12.74025,13.49527,-1.45107,1.44130,1.01818
12.87237,13.23676,-0.89396,1.00050,1.39343
12.44423,13.30652,-1.22767,0.85867,0.31160
13.25194,13.69407,-2.14560,1.02982,0.70441
13.28095,14.36888,-0.09475,0.74155,0.29966
12.81544,14.25406,-0.18036,1.30854,0.68924
12.45647,14.34314,-1.23374,1.12033,1.42105
12.42128,13.29727,-0.91572,1.15798,0.02355
13.18893,14.31292,-2.80505,0.71024,0.15572
12.95942,14.24410,-0.61567,1.41555,0.90079
12.77450,13.66285,-0.65471,0.72817,1.33632
13.21054,14.14200,-2.69583,0.81214,0.62766
12.74288,13.95936,-0.47317,1.29555,0.86012
12.66626,13.71768,-0.62548,0.90734,0.51061
13.29188,14.08063,-0.16338,0.85765,0.07428
13.04162,13.84325,-1.09622,1.12243,1.20758
12.84990,13.86218,-2.48403,1.33104,0.90266
13.28142,14.28375,-0.58857,1.47506,1.15573
12.62364,13.81372,-0.11541,0.82104,1.14305
12.69840,13.56704,-2.85137,0.89916,0.99566
12.65978,13.61590,-0.67351,1.35749,0.75304
13.13577,13.72728,-1.49638,1.20099,0.95941
12.41879,14.24637,-2.11958,0.73349,0.68947
13.09351,14.05849,-2.24969,0.77275,0.45374
12.84378,14.16152,-0.73394,0.87658,0.94375
12.79689,13.98451,-1.97387,1.20528,0.46946
12.66249,13.37939,-2.05035,1.28986,0.25776
13.27097,13.28551,-2.46776,0.86885,0.30583
13.05169,13.87278,-2.69144,1.29997,1.00242
12.71724,13.26649,-0.71985,1.39170,0.09075
13.09961,13.82622,-0.09387,0.74050,1.26976
12.47136,13.48507,-2.90170,1.13809,0.96297
12.65230,13.84560,-2.04454,1.15739,0.44630
12.49327,13.72050,-2.40409,1.31491,0.39496
12.66662,13.35204,-2.83154,0.89002,0.54884
13.17746,14.07482,-2.39901,1.23910,1.17797
13.24167,13.32351,-0.16516,1.00541,1.16041
13.11581,14.26173,-1.83212,1.09952,1.09839
12.66253,13.89211,-0.26712,1.44924,0.98402
13.19462,13.96523,-0.52196,1.30441,1.48683
13.08828,13.75792,-2.00738,1.23319,0.38742
12.93963,13.75500,-0.87467,1.22459,0.87390
12.88787,13.28673,-1.37065,0.75609,1.47832
13.25590,13.92174,-2.43049,1.41651,1.45951
12.47507,13.27473,-2.60408,1.04340,1.03121
